Teacher One,rafael.colton+teacher1@gmail.com,teacher,asdfTeacher Two,rafael.colton+teacher2@gmail.com,teacher,asdfTeacher Three,rafael.colton+teacher3@gmail.com,teacher,asdfStudent One,rafael.colton+student1@gmail.com,student,asdfStudent Two,rafael.colton+student2@gmail.com,student,asdfStudent Three,rafael.colton+student3@gmail.com,student,asdfAdmin,rafael.colton+admin@gmail.com,admin,asdf